{
  "locked": false,
  "disabled": false,
  "private": false,
  "details": {
    "avatarUrl": "",
    "coverPictureUrl": ""
  },
  "$schema": "../../bot.config.schema.json",
  "description": "This is a chatbot for flight-booking.",
  "active": true,
  "version": "12.2.3",
  "author": "Botpress, Inc.",
  "license": "AGPL-3.0",
  "imports": {
    "modules": [],
    "incomingMiddleware": [],
    "outgoingMiddleware": [],
    "contentTypes": [
      "builtin_action-button",
      "builtin_card",
      "builtin_carousel",
      "builtin_image",
      "builtin_single-choice",
      "builtin_text",
      "dropdown"
    ]
  },
  "dialog": {
    "timeoutInterval": "5m"
  },
  "logs": {
    "expiration": "1 week"
  },
  "defaultLanguage": "en",
  "languages": [
    "en"
  ],
  "id": "flightbooking",
  "name": "FlightBooking",
  "pipeline_status": {
    "current_stage": {
      "id": "prod",
      "promoted_on": "2019-12-01T09:25:24.520Z",
      "promoted_by": "ankitsinghmyself@gmail.com"
    }
  }
}