{
  "name": "__qna__zlveoysaw6_you_are_annoying",
  "contexts": [
    "global"
  ],
  "utterances": {
    "en": [
      "you are annoying",
      "stop talking",
      "please stop it",
      "you annoy me",
      "you are unpleasant",
      "you suck",
      "you are a bad bot",
      "you are useless",
      "you are dumb",
      "dumb bot",
      "you are lame",
      "you're horrible",
      "What a waste of time you are!"
    ],
    "fr": [
      "Tu m'énerves",
      "Tu me tapes sur les nerfs",
      "Vous êtes hautement inutile",
      "Votre incompétence n'a pas d'égal",
      "Vous êtes un robot stupide",
      "Tu es nul",
      "Tu sers à rien",
      "Tu me désoles",
      "Pauvre robot inutile",
      "Tes réponses sont d'une idiocy complète"
    ]
  },
  "slots": []
}