{
  "name": "__qna__fp1sjlmlyi_shut_up",
  "contexts": [
    "global"
  ],
  "utterances": {
    "en": [
      "Shut up",
      "Fuck you",
      "useless sack of shit",
      "kill yourself",
      "Suck shit",
      "fucking bot",
      "Eat a dick",
      "Please die",
      "shut your mouth",
      "Shut the fuck up",
      "Choke on horse poop",
      "Lick my balls"
    ],
    "fr": [
      "Va te faire voir",
      "Va te faire foutre",
      "Fils de pute",
      "Enfant de chienne",
      "va chier",
      "Enculé!",
      "Connard",
      "Tabarnack que tu es stupid",
      "Criss de moron",
      "Maudit chien sale"
    ]
  },
  "slots": []
}