{
  "id": "fp1sjlmlyi_shut_up",
  "data": {
    "answers": {
      "en": [
        "Please stay polite!"
      ],
      "fr": [
        "Je vous prie de rester polie!"
      ]
    },
    "questions": {
      "en": [
        "Shut up",
        "Fuck you",
        "useless sack of shit",
        "kill yourself",
        "Suck shit",
        "fucking bot",
        "Eat a dick",
        "Please die",
        "shut your mouth",
        "Shut the fuck up",
        "Choke on horse poop",
        "Lick my balls"
      ],
      "fr": [
        "Va te faire voir",
        "Va te faire foutre",
        "Fils de pute",
        "Enfant de chienne",
        "va chier",
        "Enculé!",
        "Connard",
        "Tabarnack que tu es stupid",
        "Criss de moron",
        "Maudit chien sale"
      ]
    },
    "redirectFlow": "",
    "redirectNode": "",
    "action": "text",
    "category": "global",
    "enabled": true
  }
}