{
  "id": "jmlyz93qkn_i_love_you",
  "data": {
    "questions": {
      "en": [
        "I love you",
        "I am in love with you",
        "Do you love me?!",
        "I am falling for you",
        "I really like you",
        "I have deep admiration for you",
        "I adore you",
        "I have feelings for you",
        "I am passionately in love with you",
        "I lust for you",
        "I worship the ground you walk"
      ],
      "fr": [
        "Je t'aime",
        "Je t'adore",
        "Je te veux à jamais",
        "Je suis follement amoureux de toi",
        "Je suis dingue pour toi",
        "J'ai besoin de toi",
        "Je crois que je suis entrain de tomber pour toi",
        "Tu es l'amour de ma vie",
        "Je t'aime à la folie!",
        "Tu es mon coup de foudre"
      ]
    },
    "answers": {
      "en": [
        "People tell me all the time that i'm a lovable little bot :-)"
      ],
      "fr": [
        "S'il vous plait, continuez à me dire que je un petit robot aimable!"
      ]
    },
    "redirectFlow": "main.flow.json",
    "redirectNode": "node-1fe2",
    "action": "text",
    "category": "global",
    "enabled": true
  }
}