{
  "id": "mn8iucwseg_who_created_you",
  "data": {
    "questions": {
      "en": [
        "who created you?",
        "who's your creator?",
        "who is behind this bot?",
        "what is the name of your maker?",
        "who is your father?",
        "who are your parents?",
        "your creator?",
        "Tell me about your creator",
        "Who built you?",
        "By who where you made?",
        "Who programmed you?",
        "Who coded you?"
      ],
      "fr": [
        "Qui est-ce qui t'a construit",
        "Qui est ton constructeur?",
        "Quel personne t'a conçu?",
        "Qui sont les fabricateurs ce bot?",
        "Parle moi de tes concepteurs",
        "Qui est derrière la programmation de cet assistant?",
        "quel équipe est responsable de ton existence?",
        "Qui t'a créé?",
        "Parle moi de ta création",
        "Tes créateurs, qui sont-ils?"
      ]
    },
    "answers": {
      "en": [
        "I was created by the great team at Botpress"
      ],
      "fr": [
        "J'ai été construit par la merveilleuse équipe chez Botpress!"
      ]
    },
    "redirectFlow": "",
    "redirectNode": "",
    "action": "text",
    "category": "global",
    "enabled": true
  }
}