{
  "id": "xayieqcw84_thank_you",
  "data": {
    "questions": {
      "en": [
        "Thank you",
        "Thanks",
        "Thx",
        "thank you very much!",
        "thanks alot!",
        "perfect, thank you!",
        "gracias",
        "One thousand thanks!",
        "I am so thankful for what you did",
        "Thank you for your time today",
        "I appreciate what you did"
      ],
      "fr": [
        "Merci",
        "Mille mercis",
        "Je vous remercie",
        "Merci beaucoup",
        "C'est apprécié",
        "C'est vraiment gentil de ta part",
        "Je vous adresse mes plus vifs remerciements",
        "Merci de votre aide",
        "Je te suis très reconnaissant",
        "Je vous suis éternellement redevable"
      ]
    },
    "answers": {
      "en": [
        "You're welcome :-)"
      ],
      "fr": [
        "Ça fait plaisir!"
      ]
    },
    "redirectFlow": "",
    "redirectNode": "",
    "action": "text",
    "category": "global",
    "enabled": true
  }
}